{
    "client_sessions": [
        {
            "127.0.0.160104": {
                "guesses": [
                    1,
                    4,
                    9,
                    7,
                    11
                ],
                "amount_won": 2
            }
        },
        {
            "127.0.0.160106": {
                "guesses": [
                    1,
                    4,
                    9,
                    3,
                    11
                ],
                "amount_won": 3
            }
        },
        {
            "127.0.0.160108": {
                "guesses": [
                    1,
                    4,
                    13,
                    3,
                    11
                ],
                "amount_won": 400
            }
        }
    ]
}